timestamp,frame_id,capture_latency_ms,aec_latency_ms,vad_latency_ms,total_latency_ms,rms_energy,erle_db,aec_converged,vad_is_speech,vad_is_soft,double_talk,frame_dropped,queue_size_in,queue_size_out
1772736705.611538,1,0.0,0.17650600011620554,0.4161300000760093,1.5606140000272717,0.0,0.0,False,False,False,False,False,0,0
1772736705.6435049,2,0.0,0.1082070000393287,0.23585799999636947,0.6558519999089185,0.00017846708942670375,0.0,False,False,False,False,False,0,0
1772736705.675529,3,0.0,0.12939499993080972,0.2153719999569148,0.6471449999025936,0.0002169687650166452,0.0,False,False,False,False,False,0,0
1772736705.707507,4,0.0,1.189053000189233,0.17327900013697217,1.5929989999676764,0.000847929622977972,0.0,False,False,False,True,False,0,0
1772736705.739696,5,0.0,0.11323300009280501,0.23556700011795328,0.5914700000175799,0.0002320977655472234,0.0,False,False,False,True,False,0,0
1772736705.7715242,6,0.0,0.10609700007080392,0.25164499993479694,0.5982500001664448,0.00047679137787781656,0.0,False,False,False,True,False,0,0
1772736705.80353,7,0.0,0.11762100007217668,0.23896700008663174,0.5964180002138164,0.0003291212779004127,0.0,False,False,False,True,False,0,0
1772736705.835532,8,0.0,1.2638480000077834,0.2233459999843035,1.7852200001016172,0.0006602650391869247,0.0,False,False,False,True,False,0,0
1772736705.867646,9,0.0,0.1372659999105963,0.35331000003679947,0.8225269998547446,0.0006632995209656656,0.0,False,False,False,True,False,0,0
1772736705.899681,10,0.0,0.11437600005592685,0.2632660000472242,0.6370470000547357,0.0002654916897881776,0.0,False,False,False,True,False,0,0
1772736705.931641,11,0.0,0.123647999998866,0.47387200015691633,0.8822049999253068,0.00011753044236684218,0.0,False,False,False,True,False,0,0
1772736705.964879,12,0.0,1.090095999870755,0.2931520000402088,1.6644699999233126,0.00024251471040770411,0.0,False,False,False,True,False,0,0
1772736705.99567,13,0.0,0.25466900001447357,1.5365760000349837,2.2645340000053693,0.00011060977703891695,0.0,False,False,False,True,False,0,0
1772736706.02772,14,0.0,0.17940699990504072,0.4655430000184424,0.9764830001586233,0.00019057744066230953,0.0,False,False,False,True,False,0,0
1772736706.0596359,15,0.0,0.11085899996032822,0.36051799997949274,0.7152919999953156,5.028314990340732e-05,0.0,False,False,False,True,False,0,0
1772736706.091945,16,0.0,7.716142999925069,0.22924699987925123,8.212263000132225,0.0001993840851355344,0.0,False,False,False,True,False,0,0
1772736706.124039,17,0.0,0.17434100004720676,0.6134920001841238,1.1674150000544614,0.00020251606474630535,0.0,False,False,False,True,False,0,0
1772736706.155732,18,0.0,0.1614850000350998,0.4776069999934407,0.9396320001542335,0.0001951377053046599,0.0,False,False,False,True,False,0,0
1772736706.187694,19,0.0,0.1464330000544578,0.49981699999079865,0.9954610000022512,0.00013333035167306662,0.0,False,False,False,True,False,0,0
1772736706.2197518,20,0.0,1.8485110001620342,0.3250120000757306,2.4554459998853417,0.0005037783994339406,0.0,False,False,False,True,False,0,0
1772736706.25182,21,0.0,0.1738919997933408,0.4798299999038136,0.9859689998847898,0.000271155615337193,0.0,False,False,False,True,False,0,0
1772736706.283874,22,0.0,0.16460900019410474,0.5416740000327991,1.0802100000546488,0.0004605703870765865,0.0,False,False,False,True,False,0,0
1772736706.315594,23,0.0,0.09929799989549792,0.2968730000247888,0.6125600000359555,0.0005824100808240473,0.0,False,False,False,True,False,0,0
1772736706.3476632,24,0.0,1.7577710000296065,0.2829840000231343,2.289556000050652,0.0005313258734531701,0.0,False,False,False,True,False,0,0
1772736706.3806531,25,0.0,0.3888010000991926,0.502536999874792,1.388399000006757,0.0002661964390426874,0.0,False,False,False,True,False,0,0
1772736706.41169,26,0.0,0.2299369998581824,1.4332820001072832,2.1877829999539244,9.077456343220547e-05,0.0,False,False,False,True,False,0,0
1772736706.443786,27,0.0,0.12964100005774526,0.430951999987883,0.846981999984564,1.0619667591527104e-05,0.0,False,False,False,True,False,0,0
1772736706.475615,28,0.0,1.3320360001216613,0.2333019999696262,1.7689119999886316,1.1444091796875e-05,0.0,False,False,False,True,False,0,0
1772736706.508042,29,0.0,0.0960439999744267,0.3033279999726801,0.6104980000145588,3.6264711525291204e-05,0.0,False,False,False,True,False,0,0
1772736706.540309,30,0.0,0.20766299985552905,0.6366459999753715,1.2685229999078729,2.1913767341175117e-05,0.0,False,False,False,True,False,0,0
1772736706.571696,31,0.0,0.10424700008115906,0.30590400001528906,0.6378080001923081,6.137692253105342e-05,0.0,False,False,False,True,False,0,0
1772736706.603623,32,0.0,4.218834000084826,0.24708700016162766,4.695745000162788,9.652390144765377e-05,0.0,False,False,False,True,False,0,0
1772736706.635678,33,0.0,0.13087899992569874,0.4183149999335001,0.8409879999362602,8.975691889645532e-05,0.0,False,False,False,True,False,0,0
1772736706.667721,34,0.0,0.12604900007318065,0.4661950001718651,0.899230999948486,1.742903441481758e-05,0.0,False,False,False,True,False,0,0
1772736706.6999161,35,0.0,0.15947900010360172,0.5472109999118402,1.0655410001163546,6.96769857313484e-05,0.0,False,False,False,True,False,0,0
1772736706.7317781,36,0.0,2.2804999998697895,0.3737460001502768,2.9784209998524602,5.5983200581977144e-05,0.0,False,False,False,True,False,0,0
1772736706.7644448,37,0.0,0.11882700005116931,0.3884190000462695,0.7704009999542905,2.6047706342069432e-05,0.0,False,False,False,True,False,0,0
1772736706.795659,38,0.0,0.5378139999265841,1.3107250001667126,2.3899469999832945,8.586246985942125e-05,0.0,False,False,False,True,False,0,0
1772736706.82768,39,0.0,0.1132499999130232,0.3853439998238173,0.7717359999332984,4.3221545638516545e-05,0.0,False,False,False,True,False,0,0
1772736706.8595898,40,0.0,1.256215000012162,0.25450000021010055,1.7295570000896987,0.00015487153723370284,0.0,False,False,False,True,False,0,0
1772736706.8917289,41,0.0,0.1042959997903381,0.31179099983091874,0.6372580000970629,0.00012576213339343667,0.0,False,False,False,True,False,0,0
1772736706.923877,42,0.0,0.22326200019051612,0.4365430002053472,0.9889309999380202,4.874013029620983e-05,0.0,False,False,False,True,False,0,0
1772736706.955814,43,0.0,0.1837239999531448,0.5168459999822517,1.0468240000136575,0.00011760780034819618,0.0,False,False,False,True,False,0,0
1772736706.98756,44,0.0,1.293031999921368,0.28969499999220716,1.8406880001293757,0.0002882242843043059,0.0,False,False,False,True,False,0,0
1772736707.019636,45,0.0,0.09475499996369763,0.29876400003558956,0.6115599999247934,0.00015378127864096314,0.0,False,False,False,True,False,0,0
1772736707.051578,46,0.0,0.10702200006562634,0.31624300004295947,0.6403209999916726,0.00016695020894985646,0.0,False,False,False,True,False,0,0
1772736707.0835898,47,0.0,0.10058600014417607,0.31101299987312814,0.630064000006314,0.00017378866323269904,0.0,False,False,False,True,False,0,0
1772736707.115647,48,0.0,3.3527890000186744,0.23903999999674852,3.8144249999731983,0.0002616754500195384,0.0,False,False,False,True,False,0,0
1772736707.147587,49,0.0,0.3405139998449158,1.0529109999879438,1.724253000020326,0.00018661824287846684,0.0,False,False,False,True,False,0,0
1772736707.1801322,50,0.0,0.20404200017765106,0.3942830001051334,0.9014190000016242,0.00020689237862825394,0.0,False,False,False,True,False,0,0
1772736707.211565,51,0.0,0.10331599992241536,0.34888100003627187,0.7019740000941965,0.00022137162159197032,0.0,False,False,False,True,False,0,0
1772736707.243487,52,0.0,1.252638999858391,0.25855099988802976,1.7356500000005326,0.00029157803510315716,0.0,False,False,False,True,False,0,0
1772736707.275528,53,0.0,0.09445900013815844,0.3004499999406107,0.6025370000770636,0.00019083020742982626,0.0,False,False,False,True,False,0,0
1772736707.3076448,54,0.0,0.096651999911046,0.29493699980776,0.5994410000766948,0.00028595284675247967,0.0,False,False,False,True,False,0,0
1772736707.339902,55,0.0,0.203261000024213,0.6257879999793658,1.2317430000621243,0.00019381420861463994,0.0,False,False,False,True,False,0,0
1772736707.3715599,56,0.0,2.083733000063148,0.3802960000029998,2.801930999794422,0.0002144304453395307,0.0,False,False,False,True,False,0,0
1772736707.403753,57,0.0,0.17063199993572198,0.5772160000105941,1.1371670000244194,0.00018971168901771307,0.0,False,False,False,True,False,0,0
1772736707.435637,58,0.0,0.12244399999872257,0.4124909999063675,0.820240999928501,0.0001329888473264873,0.0,False,False,False,True,False,0,0
1772736707.467639,59,0.0,0.11529600010362628,0.3522970000631176,0.7210099997791986,0.00018287186685483903,0.0,False,False,False,True,False,0,0
1772736707.4998,60,0.0,2.119579000009253,0.3346820001297601,2.7447669999673963,0.00019146778504364192,0.0,False,False,False,True,False,0,0
1772736707.531745,61,0.0,0.10911499998655927,0.35552300005292636,0.7100289999470988,8.301898196805269e-05,0.0,False,False,False,True,False,0,0
1772736707.563645,62,0.0,0.12949599999956263,1.3216190000093775,1.9920950001051096,0.00013320067955646664,0.0,False,False,False,True,False,0,0
1772736707.5956979,63,0.0,0.1700159998563322,0.5407950000062556,1.065915999788558,7.702949369559065e-05,0.0,False,False,False,True,False,0,0
1772736707.627696,64,0.0,5.9340899999824614,0.28437800006031466,6.474914000136778,4.338956205174327e-05,0.0,False,False,False,True,False,0,0
1772736707.659774,65,0.0,0.15815500000826432,0.435295999977825,0.8941180001329485,4.977412390871905e-05,0.0,False,False,False,True,False,0,0
1772736707.691906,66,0.0,0.11509599994496966,0.38158600000315346,0.7542960001956089,0.00013934091839473695,0.0,False,False,False,True,False,0,0
1772736707.723993,67,0.0,0.25716899995131826,0.5877379999219556,1.2809770000785647,2.170525840483606e-05,0.0,False,False,False,True,False,0,0
1772736707.75566,68,0.0,1.9820369998342358,0.3264990000388934,2.594085000055202,0.00014252885011956096,0.0,False,False,False,True,False,0,0
1772736707.78774,69,0.0,0.503327999922476,1.5618280001490348,2.579874000048221,0.00017339047917630523,0.0,False,False,False,True,False,0,0
1772736707.819715,70,0.0,0.09845799991126114,0.30482299985123973,0.6203919999734353,0.00018981713219545782,0.0,False,False,False,True,False,0,0
1772736707.8515892,71,0.0,0.1148390001617372,0.36172299996906077,0.7332729999234289,2.2324942619889043e-05,0.0,False,False,False,True,False,0,0
1772736707.8836522,72,0.0,1.6068309998900077,0.33178400008182507,2.2177019998252945,9.736823267303407e-05,0.0,False,False,False,True,False,0,0
1772736707.915819,73,0.0,0.1760899999680987,0.580703999958132,1.1484210001526662,5.8041092415805906e-05,0.0,False,False,False,True,False,0,0
1772736707.947616,74,0.0,0.12418999995134072,0.4098879999219207,0.8097760000964627,2.7074946046923287e-05,0.0,False,False,False,True,False,0,0
1772736707.979742,75,0.0,0.12666500015257043,0.42225699985465326,0.8302599999296945,1.2865770258940756e-05,0.0,False,False,False,True,False,0,0
1772736708.011613,76,0.0,1.5036130000680714,0.28388400005496806,2.0252880001407902,1.779056401574053e-05,0.0,False,False,False,True,False,0,0
1772736708.043691,77,0.0,0.11450500005594222,0.3672430000278837,0.7373539999662171,3.529883542796597e-05,0.0,False,False,False,True,False,0,0
1772736708.0755682,78,0.0,0.1103130000501551,0.35471099999995204,0.7071889999679115,0.00015522348985541612,0.0,False,False,False,True,False,0,0
1772736708.108021,79,0.0,0.2605309998671146,0.5872379999800614,1.261299000134386,6.641573418164626e-05,0.0,False,False,False,True,False,0,0
1772736708.139789,80,0.0,4.285737999907724,0.28421599995454017,4.833177999898908,0.0001737258571665734,0.0,False,False,False,True,False,0,0
1772736708.171577,81,0.0,0.114298999960738,0.4469499999686377,0.8885919999102043,0.00024379765090998262,0.0,False,False,False,True,False,0,0
1772736708.203577,82,0.0,0.09644400006436626,0.299121000125524,0.6019240001933213,7.139193621696904e-05,0.0,False,False,False,True,False,0,0
1772736708.2356548,83,0.0,0.13463699997373624,0.4200130001663638,0.845469000068988,5.707722812076099e-05,0.0,False,False,False,True,False,0,0
1772736708.267647,84,0.0,1.4790869997796108,0.28539899994939333,2.0129560000441415,4.38897441199515e-05,0.0,False,False,False,True,False,0,0
1772736708.299836,85,0.0,0.15603099996042147,1.6798290000679117,2.288644999907774,2.9702017855015583e-05,0.0,False,False,False,True,False,0,0
1772736708.3315961,86,0.0,0.11365800014573324,0.3621309999743971,0.728221000144913,9.373216744279489e-05,0.0,False,False,False,True,False,0,0
1772736708.363616,87,0.0,0.11843900006169861,0.36626499991143646,0.7331649999287038,6.115424912422895e-05,0.0,False,False,False,True,False,0,0
1772736708.3957162,88,0.0,2.311016000021482,0.4287530000510742,3.069105000122363,0.00017482179100625217,0.0,False,False,False,True,False,0,0
1772736708.427734,89,0.0,0.1877729998795985,0.505624999959764,1.057285999877422,0.00017734752327669412,0.0,False,False,False,True,False,0,0
1772736708.459732,90,0.0,0.11250000011386874,0.35408500002631627,0.7096249998994608,3.142787318211049e-05,0.0,False,False,False,True,False,0,0
1772736708.4918458,91,0.0,0.11410699994485185,0.36870100007035944,0.7314340000448283,4.687578621087596e-05,0.0,False,False,False,True,False,0,0
1772736708.523864,92,0.0,1.8453820000559062,0.28864999990219076,2.426000000014028,7.434991130139679e-05,0.0,False,False,False,True,False,0,0
1772736708.5556722,93,0.0,0.11981600005128712,0.3942379998989054,0.8600790001764835,5.471797339851037e-05,0.0,False,False,False,True,False,0,0
1772736708.587609,94,0.0,0.108098000055179,0.3678929999750835,0.7218759999432223,5.446808063425124e-05,0.0,False,False,False,True,False,0,0
1772736708.619761,95,0.0,0.1282919999994192,0.420602000076542,0.8358259999567963,5.093013896839693e-05,0.0,False,False,False,True,False,0,0
1772736708.651576,96,0.0,3.617739999981495,0.2481779999925493,4.092244000048595,0.0001916197215905413,0.0,False,False,False,True,False,0,0
1772736708.683538,97,0.0,0.10208000003331108,0.3192789999957313,0.6432239999867306,0.00021861410641577095,0.0,False,False,False,True,False,0,0
1772736708.715453,98,0.0,0.10021200000664976,0.32349699995393166,0.6350720000227739,6.0225116612855345e-05,0.0,False,False,False,True,False,0,0
1772736708.747468,99,0.0,0.10502500003894966,0.3155129998049233,0.6411449999177421,0.00013609837333206087,0.0,False,False,False,True,False,0,0
1772736708.7795131,100,0.0,2.767934000075911,0.25020199996106385,3.2428170000002865,0.00034807153861038387,0.0,False,False,False,True,False,0,0
1772736708.811462,101,0.0,0.10662199997568678,0.31846499996390776,0.6475689999660972,0.00012408032489474863,0.0,False,False,False,True,False,0,0
1772736708.8434072,102,0.0,0.09945900001184782,0.3246450000915502,0.6462829999236419,0.00011498006642796099,0.0,False,False,False,True,False,0,0
1772736708.875408,103,0.0,0.10143500003323425,0.307643000041935,0.6213859999206761,6.683889660052955e-05,0.0,False,False,False,True,False,0,0
1772736708.90753,104,0.0,1.3091280000026018,0.23477599984289554,1.7720170001211955,0.0001333644613623619,0.0,False,False,False,True,False,0,0
1772736708.939509,105,0.0,0.11636199997155927,0.5720780000046943,0.9866479999800504,0.000154289067722857,0.0,False,False,False,True,False,0,0
1772736708.971413,106,0.0,0.10337300000173855,0.31825099995330675,0.6470920000083424,3.228437708457932e-05,0.0,False,False,False,True,False,0,0
1772736709.003448,107,0.0,0.1025090000439377,0.3203260000645969,0.650450999955865,7.817803270881996e-05,0.0,False,False,False,True,False,0,0
1772736709.035415,108,0.0,1.292762000048242,0.24694900002941722,1.7521509998914553,0.00014969952462706715,0.0,False,False,False,True,False,0,0
1772736709.0675352,109,0.0,0.10503999988031865,0.32039899997471366,0.6580120000307943,0.00011201512825209647,0.0,False,False,False,True,False,0,0
1772736709.0995588,110,0.0,0.10651699994923547,0.31957600003806874,0.6530289999773231,1.8443182852934115e-05,0.0,False,False,False,True,False,0,0
1772736709.1317198,111,0.0,0.14756199993826158,0.33750400007193093,0.737515000082567,3.0157830224197824e-06,0.0,False,False,False,True,False,0,0
1772736709.163448,112,0.0,3.622592000056102,0.24539500009268522,4.090182000027198,1.5495374100282788e-05,0.0,False,False,False,True,False,0,0
1772736709.195483,113,0.0,0.10309300000699295,0.3238689998852351,0.6447360001402558,8.332516154041514e-05,0.0,False,False,False,True,False,0,0
1772736709.2274659,114,0.0,0.09839599988481496,0.31244100000549224,0.6288080001013441,5.4850785090820864e-05,0.0,False,False,False,True,False,0,0
1772736709.259514,115,0.0,0.09905199999593606,0.31973000000107277,0.6406309998965298,0.0001581144897500053,0.0,False,False,False,True,False,0,0
1772736709.2914581,116,0.0,1.2494419997892692,0.25214999982381414,1.706163999870114,7.33647684683092e-05,0.0,False,False,False,True,False,0,0
1772736709.323482,117,0.0,0.0995319999219646,0.3120919998309546,0.6225889999313949,9.290374146075919e-05,0.0,False,False,False,True,False,0,0
1772736709.3554401,118,0.0,0.17574399998920853,0.43022599993491895,0.8550559998639073,0.0001836163573898375,0.0,False,False,False,True,False,0,0
1772736709.3874419,119,0.0,0.09691800005384721,0.33499999995001417,0.640310000108002,5.562464502872899e-05,0.0,False,False,False,True,False,0,0
1772736709.4196649,120,0.0,1.8315780000648374,0.3475910000361182,2.457397999933164,0.00017564703011885285,0.0,False,False,False,True,False,0,0
1772736709.451582,121,0.0,0.14527199982694583,0.44272000013734214,0.904091999927914,0.00026611785870045424,0.0,False,False,False,True,False,0,0
1772736709.48364,122,0.0,0.12658700006795698,0.42071400002896553,0.8342850001099578,3.039813418581616e-05,0.0,False,False,False,True,False,0,0
1772736709.516117,123,0.0,0.15134499994928774,0.4211789998862514,0.9334670000953338,0.00011834786710096523,0.0,False,False,False,True,False,0,0
1772736709.547877,124,0.0,1.7581940001036855,0.2796600001602201,2.2847449999972014,0.00015852809883654118,0.0,False,False,False,True,False,0,0
1772736709.5797849,125,0.0,0.14627500013375538,1.0129140000572079,1.9070559999363468,0.00014298119640443474,0.0,False,False,False,True,False,0,0
1772736709.611706,126,0.0,0.15697699996053416,0.5731000001105713,1.1405360000935616,3.231253504054621e-05,0.0,False,False,False,True,False,0,0
1772736709.643578,127,0.0,0.1146849999713595,0.35571399985201424,0.7174479999321193,4.4384294596966356e-05,0.0,False,False,False,True,False,0,0
1772736709.675543,128,0.0,5.646614999932353,0.3903749998244166,6.369571999812251,2.199661685153842e-05,0.0,False,False,False,True,False,0,0
1772736709.707871,129,0.0,0.19536199988579028,0.3675010000279144,0.8846289999837609,5.4434673074865714e-05,0.0,False,False,False,True,False,0,0
1772736709.739945,130,0.0,0.19204900013392034,0.5118640001455788,1.0752329999377253,3.248097709729336e-05,0.0,False,False,False,True,False,0,0
1772736709.7715359,131,0.0,0.12677499989877106,0.5352999999104213,0.989984999932858,6.252206367207691e-05,0.0,False,False,False,True,False,0,0
1772736709.803465,132,0.0,1.2803950000943587,0.2986219999456807,1.863984999999957,6.838583067292348e-05,0.0,False,False,False,True,False,0,0
1772736709.835457,133,0.0,0.09956200005944993,0.3035059999092482,0.6096419999721547,0.00014205586921889335,0.0,False,False,False,True,False,0,0
1772736709.867607,134,0.0,0.10812699997586606,0.36096000008001283,0.7143029999951978,0.00014718751481268555,0.0,False,False,False,True,False,0,0
1772736709.899604,135,0.0,0.09690599995337834,0.30020700000932266,0.6231110000953777,0.00013463367940858006,0.0,False,False,False,True,False,0,0
1772736709.931503,136,0.0,1.2141610000071523,0.2428110001346795,1.6646280000713887,0.0003564420621842146,0.0,False,False,False,True,False,0,0
1772736709.964341,137,0.0,0.2560549999088835,0.41151300001729396,1.0658280000370723,0.00010354285768698901,0.0,False,False,False,True,False,0,0
1772736709.995533,138,0.0,0.11490399992908351,1.3010059999487567,1.9597570001224085,6.497595313703641e-05,0.0,False,False,False,True,False,0,0
1772736710.027501,139,0.0,0.09948299998541188,0.3042130001631449,0.6157340001209377,0.00011445680866017938,0.0,False,False,False,True,False,0,0
1772736710.0594869,140,0.0,1.201082000079623,0.23955900019245746,1.648360999979559,0.00010576759814284742,0.0,False,False,False,True,False,0,0
1772736710.091435,141,0.0,0.0934360000428569,0.2977920000830636,0.5938939998486603,3.23968670272734e-05,0.0,False,False,False,True,False,0,0
1772736710.123712,142,0.0,0.18499199995858362,0.37882699984947976,0.8421709999311133,4.551734673441388e-05,0.0,False,False,False,True,False,0,0
1772736710.155835,143,0.0,0.2071399999294954,0.46650700005557155,1.0389650001343398,0.0001100326917367056,0.0,False,False,False,True,False,0,0
1772736710.187423,144,0.0,4.128850999904898,0.30375300002560834,4.674102000080893,0.0003013852401636541,0.0,False,False,False,True,False,0,0
1772736710.2194939,145,0.0,0.10237099991172727,0.334718999965844,0.663400999883379,0.00010433040006319061,0.0,False,False,False,True,False,0,0
1772736710.251463,146,0.0,0.10249000001749664,0.31238600013239193,0.6428520000554272,0.0002567634219303727,0.0,False,False,False,True,False,0,0
1772736710.283413,147,0.0,0.10257600001750689,0.3063090000523516,0.6238280000161467,0.0002707460953388363,0.0,False,False,False,True,False,0,0
1772736710.315413,148,0.0,1.226671000040369,0.23592100001224026,1.6968360000646499,0.00033070918289013207,0.0,False,False,False,True,False,0,0
1772736710.3474188,149,0.0,0.10036499998022919,0.3176059999532299,0.64273999987563,0.0002724505902733654,0.0,False,False,False,True,False,0,0
1772736710.3794649,150,0.0,0.10339300001760421,0.3895740001098602,0.7247769999594311,0.0002971671347040683,0.0,False,False,False,True,False,0,0
1772736710.4113762,151,0.0,0.09545700004309765,0.30536700000993733,0.6121159999565862,0.00011279189493507147,0.0,False,False,False,True,False,0,0
1772736710.4434218,152,0.0,1.254945000027874,0.23664399986955686,1.7000240000015765,0.0003326122823636979,0.0,False,False,False,True,False,0,0
1772736710.475449,153,0.0,0.09784200005924504,0.30292299993561755,0.611341999956494,7.068779086694121e-05,0.0,False,False,False,True,False,0,0
1772736710.507432,154,0.0,0.0940930001434026,0.30210999989321863,0.6025330001193652,0.0001308516220888123,0.0,False,False,False,True,False,0,0
1772736710.539527,155,0.0,0.17610800000511517,0.4902270000002318,0.9686030000466417,0.00018086150521412492,0.0,False,False,False,True,False,0,0
1772736710.571622,156,0.0,1.2205339999127318,0.2395569999862346,1.9339860000400222,0.0003649870050139725,0.0,False,False,False,True,False,0,0
1772736710.603452,157,0.0,0.09884900009637931,0.3150129998630291,0.6470819998867228,0.00046658559585921466,0.0,False,False,False,True,False,0,0
1772736710.6354408,158,0.0,0.10629100006553927,0.31155000010585354,0.6373789999543078,0.0003925201017409563,0.0,False,False,False,True,False,0,0
1772736710.667478,159,0.0,0.10118000000147731,0.31437100005859975,0.6302420001702558,0.00032499173539690673,0.0,False,False,False,True,False,0,0
1772736710.699494,160,0.0,3.2463649999954214,0.23903700002847472,3.697591999980432,0.0006351384799927473,0.0,False,False,False,True,False,0,0
1772736710.7315269,161,0.0,0.09866699997473916,0.3145719999793073,0.6296249998740677,0.0003265189297962934,0.0,False,False,False,True,False,0,0
1772736710.763495,162,0.0,0.10205700004917162,0.3017869998984679,0.616267999930642,0.00047940516378730536,0.0,False,False,False,True,False,0,0
1772736710.795459,163,0.0,0.11993600014648109,0.44443799993132416,0.834186000020054,0.00012194358714623377,0.0,False,False,False,True,False,0,0
1772736710.827425,164,0.0,1.2452380001377605,0.2487300000666437,1.7085669999232778,0.0002086869499180466,0.0,False,False,False,True,False,0,0
1772736710.8594759,165,0.0,0.09764800006450969,0.3025159999197058,0.6124310000359401,0.00022091511345934123,0.0,False,False,False,True,False,0,0
1772736710.891482,166,0.0,0.09850100013863994,0.30446000005213136,0.6104959998083359,8.7738037109375e-05,0.0,False,False,False,True,False,0,0
1772736710.9235241,167,0.0,0.10467600009178568,0.3284470001290174,0.661098999898968,0.0001234188675880432,0.0,False,False,False,True,False,0,0
1772736710.9554062,168,0.0,1.476124999953754,0.27033900005335454,2.0014179999634507,0.00014233090041670948,0.0,False,False,False,True,False,0,0
1772736710.987447,169,0.0,0.10889800000768446,0.39021399993544037,0.7325030001084087,8.873784827301279e-05,0.0,False,False,False,True,False,0,0
1772736711.019465,170,0.0,0.14276299998527975,0.3648129998055083,0.7509290001053159,7.807325891917571e-05,0.0,False,False,False,True,False,0,0
1772736711.051436,171,0.0,0.09728299983180477,0.313112000185356,0.6222710001111409,1.9913304640795104e-05,0.0,False,False,False,True,False,0,0
1772736711.0834172,172,0.0,1.2233879999712372,0.2382239999860758,1.667836000024181,5.7442550314590335e-05,0.0,False,False,False,True,False,0,0
1772736711.115415,173,0.0,0.09722400000100606,0.30081999989306496,0.6125260001681454,6.505988130811602e-05,0.0,False,False,False,True,False,0,0
1772736711.14743,174,0.0,0.09814999998525309,0.3072740000789054,0.6136399999832065,2.9456034098984674e-05,0.0,False,False,False,True,False,0,0
1772736711.17957,175,0.0,0.14081799986342958,0.4027149998364621,0.8205720000660222,0.0,0.0,False,False,False,True,False,0,0
1772736711.211482,176,0.0,4.275387999996383,0.30446899995695276,4.828869999982999,5.3796022257301956e-05,0.0,False,False,False,True,False,0,0
1772736711.243432,177,0.0,0.09497700011706911,0.2999570001520624,0.5977109999548702,5.5918178986757994e-05,0.0,False,False,False,True,False,0,0
1772736711.275412,178,0.0,0.09734199988997716,0.29849999987163756,0.6005360000926885,9.818678336159792e-06,0.0,False,False,False,True,False,0,0
1772736711.307411,179,0.0,0.0954300001012598,0.29881200021009136,0.5970590000288212,7.663886935915798e-05,0.0,False,False,False,True,False,0,0
1772736711.3395042,180,0.0,1.2312959997871076,0.2346710000438179,1.667944000018906,2.8226182621438056e-05,0.0,False,False,False,True,False,0,0
1772736711.371464,181,0.0,0.09671199995864299,0.2954479998606985,0.5973969998649409,5.562464502872899e-05,0.0,False,False,False,True,False,0,0
1772736711.4033961,182,0.0,0.09272100010093709,0.29428999982883397,0.5870990000858001,1.4209427718014922e-05,0.0,False,False,False,True,False,0,0
1772736711.435415,183,0.0,0.09557699991091795,0.30028799983483623,0.600114000008034,2.6532035917625763e-05,0.0,False,False,False,True,False,0,0
1772736711.4674299,184,0.0,1.2193070001558226,0.22844600016469485,1.6473599998789723,0.00017194195243064314,0.0,False,False,False,True,False,0,0
1772736711.499651,185,0.0,0.13680400002158422,0.45460600017577235,0.8917480001855438,8.912646444514394e-05,0.0,False,False,False,True,False,0,0
1772736711.532416,186,0.0,0.15144200006034225,0.44093500014241727,0.9287170000789047,0.00021032789663877338,0.0,False,False,False,True,False,0,0
1772736711.564254,187,0.0,0.1122460000715364,0.30198500007827533,0.6412540001292655,9.366421727463603e-05,0.0,False,False,False,True,False,0,0
1772736711.595605,188,0.0,2.573847999883583,0.24218499993367004,3.058344000010038,0.00024961866438388824,0.0,False,False,False,True,False,0,0
1772736711.627435,189,0.0,0.09727200017550786,0.3119729999525589,0.6241610001325171,0.0004121881502214819,0.0,False,False,False,True,False,0,0
1772736711.65987,190,0.0,0.15710899992882332,0.5531369999971503,1.074668000001111,0.0001838786993175745,0.0,False,False,False,True,False,0,0
1772736711.691776,191,0.0,0.11029699999198783,0.35774000002675166,0.7107019998784381,0.00010368330549681559,0.0,False,False,False,True,False,0,0
1772736711.723823,192,0.0,4.475442000057228,0.3007790000992827,5.060603999936575,0.00032972314511425793,0.0,False,False,False,True,False,0,0
1772736711.755672,193,0.0,0.17342899991490413,0.5497160000231816,1.124562999848422,0.0002545149181969464,0.0,False,False,False,True,False,0,0
1772736711.787571,194,0.0,0.1269229999252275,0.40438399992126506,0.8125860001655383,0.00022963955416344106,0.0,False,False,False,True,False,0,0
1772736711.819514,195,0.0,0.09557599992149335,0.29702099982387153,0.6040910000137956,0.0003114619175903499,0.0,False,False,False,True,False,0,0
1772736711.852407,196,0.0,1.3725200001317717,0.23363100012829818,1.9442630000412464,0.00027960390434600413,0.0,False,False,False,True,False,0,0
1772736711.884351,197,0.0,0.10658900009730132,0.3053349998936028,0.6517219999295776,0.0004371990798972547,0.0,False,False,False,True,False,0,0
1772736711.9155068,198,0.0,0.11822399983429932,0.38052300010349427,0.7653410000330041,0.0003369805053807795,0.0,False,False,False,True,False,0,0
1772736711.94781,199,0.0,0.1666880000357196,1.5019170000414306,2.1100269998441945,0.0004474999150261283,0.0,False,False,False,True,False,0,0
1772736711.979713,200,0.0,2.920741000025373,0.30651699989903136,3.4807870001714036,0.0005113331135362387,0.0,False,False,False,True,False,0,0
1772736712.0116842,201,0.0,0.1642019999508193,0.5429540001387068,1.072708000037892,0.00013879811740480363,0.0,False,False,False,True,False,0,0
1772736712.04372,202,0.0,0.15990800011422834,0.5057470000338071,1.006855000014184,0.0003820248239208013,0.0,False,False,False,True,False,0,0
1772736712.0758882,203,0.0,0.17456899990975216,0.5248279999250371,1.045548000092822,0.00018770675524137914,0.0,False,False,False,True,False,0,0
1772736712.1078908,204,0.0,1.9720299999335111,0.32958900010271464,2.605773999903249,0.0003487006761133671,0.0,False,False,False,True,False,0,0
1772736712.1399848,205,0.0,0.19785599988608737,0.5695929999092186,1.159923999921375,9.112456609727815e-05,0.0,False,False,False,True,False,0,0
1772736712.1714969,206,0.0,0.10196200014433998,0.43801700007861655,0.8209299999180075,0.00014245226338971406,0.0,False,False,False,True,False,0,0
1772736712.203459,207,0.0,0.0949830000536167,0.29240100002425606,0.6009979999817006,0.0005995282554067671,0.0,False,False,False,True,False,0,0
1772736712.235455,208,0.0,3.3499409998967167,0.31084299985195685,3.939418000072692,0.0002455039939377457,0.0,False,False,False,True,False,0,0
1772736712.267457,209,0.0,0.09327399993708241,0.29577899999821966,0.5979840000236436,0.00014415947953239083,0.0,False,False,False,True,False,0,0
1772736712.300339,210,0.0,0.1108100000237755,0.30624400005763164,0.651032999940071,0.00014175463002175093,0.0,False,False,False,True,False,0,0
1772736712.331512,211,0.0,0.11313600020912418,0.3648649999377085,0.725236999869594,1.1444091796875e-05,0.0,False,False,False,True,False,0,0
1772736712.363613,212,0.0,1.754241999833539,0.33733100008248584,2.3799650000455586,5.905084981350228e-05,0.0,False,False,False,True,False,0,0
1772736712.395455,213,0.0,0.0939429999107233,0.30342399986693636,0.603243000114162,1.689915188762825e-05,0.0,False,False,False,True,False,0,0
1772736712.427478,214,0.0,0.10205100011262402,0.3121209999790153,0.6377090001024044,2.8418855436029844e-05,0.0,False,False,False,True,False,0,0
1772736712.459521,215,0.0,0.09423299979971489,0.303479000194784,0.6137759999091941,0.00017821720393840224,0.0,False,False,False,True,False,0,0
1772736712.4914649,216,0.0,1.2391269999625365,0.23203999990073498,1.6791420000572543,0.0003297148796264082,0.0,False,False,False,True,False,0,0
1772736712.523959,217,0.0,0.15906300018286856,0.5209779999404418,1.0506579999400856,0.00036377893411554396,0.0,False,False,False,True,False,0,0
1772736712.555465,218,0.0,0.2159439998195012,0.5697460001101717,1.1313550000977557,0.00025946603273041546,0.0,False,False,False,True,False,0,0
1772736712.587442,219,0.0,0.09415800013812259,0.3065460000470921,0.6146509999780392,0.0003016325645148754,0.0,False,False,False,True,False,0,0
1772736712.619489,220,0.0,1.2505750000855187,0.23530800012849795,1.6981769999802054,0.0004797768488060683,0.0,False,False,False,True,False,0,0
1772736712.651443,221,0.0,0.09811299992179556,0.3170699999373028,0.627947999873868,0.00016672670608386397,0.0,False,False,False,True,False,0,0
1772736712.683491,222,0.0,0.0982450001174584,0.3000140000040119,0.60753200000363,4.4771935790777206e-05,0.0,False,False,False,True,False,0,0
1772736712.71556,223,0.0,0.09695800008557853,0.29915200002506026,0.6108089999088406,0.00016903456707950681,0.0,False,False,False,True,False,0,0
1772736712.7481291,224,0.0,3.374359000190452,0.23228200006997213,3.89467600007265,0.00018439238192513585,0.0,False,False,False,True,False,0,0
1772736712.779524,225,0.0,0.10189399995397252,0.5472919999647274,0.955614000076821,0.00023294654965866357,0.0,False,False,False,True,False,0,0
1772736712.811452,226,0.0,0.1035669999964739,0.32643200006532425,0.6581430000096589,0.0001576363283675164,0.0,False,False,False,True,False,0,0
1772736712.843439,227,0.0,0.09494999994785758,0.3036010000414535,0.6050970000615052,0.00013424130156636238,0.0,False,False,False,True,False,0,0
1772736712.8755,228,0.0,1.1881630000516452,0.2364579997902183,1.6300180000143882,0.0007922135409899056,0.0,False,False,False,True,False,0,0
1772736712.9076962,229,0.0,0.10258400016027736,0.319039000032717,0.6445929998335487,0.0002106260508298874,0.0,False,False,False,True,False,0,0
1772736712.939913,230,0.0,0.16943700006777362,0.5109089997858973,1.0673090000636876,0.0002892857592087239,0.0,False,False,False,True,False,0,0
1772736712.9715781,231,0.0,0.13623700010612083,0.4414830000314396,0.8947060000537022,0.00017160839342977852,0.0,False,False,False,True,False,0,0
1772736713.0034618,232,0.0,1.2220760002037423,0.23023499988994445,1.6587019999860786,0.00018125333008356392,0.0,False,False,False,True,False,0,0
1772736713.035438,233,0.0,0.09780599998521211,0.300619999961782,0.6165300001157448,0.00019934758893214166,0.0,False,False,False,True,False,0,0
1772736713.067481,234,0.0,0.09465199991609552,0.29959999983475427,0.603969999929177,0.00016546180995646864,0.0,False,False,False,True,False,0,0
1772736713.0995,235,0.0,0.09535599997434474,0.3005179999036045,0.6027499998708663,0.00010008583922171965,0.0,False,False,False,True,False,0,0
1772736713.132233,236,0.0,1.2243510000189417,0.2355179999540269,1.6875549999895156,0.00024236089666374028,0.0,False,False,False,True,False,0,0
1772736713.163786,237,0.0,0.12743499996759056,1.207213000043339,1.7481410000073083,0.000256752799032256,0.0,False,False,False,True,False,0,0
1772736713.1954691,238,0.0,0.42961200006175204,0.9295429999838234,1.7781299998205213,0.0003819153062067926,0.0,False,False,False,True,False,0,0
1772736713.227446,239,0.0,0.10266599997521553,0.3192199999375589,0.6465090000347118,0.00010099946666741744,0.0,False,False,False,True,False,0,0
1772736713.259491,240,0.0,3.302546999975675,0.2679970000372123,3.793940999912593,0.0001583386620040983,0.0,False,False,False,True,False,0,0
1772736713.291449,241,0.0,0.0986430000011751,0.3177240000695747,0.6301879998318327,0.0003047970531042665,0.0,False,False,False,True,False,0,0
1772736713.32394,242,0.0,0.2133279999725346,0.622947000010754,1.2551510001230781,4.0952512790681794e-05,0.0,False,False,False,True,False,0,0
1772736713.3554611,243,0.0,0.16550400005144184,0.551836000113326,1.0363779999806866,2.032020165643189e-05,0.0,False,False,False,True,False,0,0
1772736713.38766,244,0.0,2.205602000003637,0.4494390000218118,3.0481660000987176,0.00010399860912002623,0.0,False,False,False,True,False,0,0
1772736713.419765,245,0.0,0.16601099991930823,0.5775189999894792,1.154187999873102,5.223489552008687e-06,0.0,False,False,False,True,False,0,0
1772736713.451635,246,0.0,0.14109799985817517,0.4236089998812531,0.8623020000868564,3.568322426872328e-05,0.0,False,False,False,True,False,0,0
1772736713.4836,247,0.0,0.12735500013150158,0.42915800008813676,0.846120999995037,7.10727326804772e-05,0.0,False,False,False,True,False,0,0
1772736713.515521,248,0.0,1.772814999867478,0.33594000001357927,2.398753000079523,1.839380456658546e-05,0.0,False,False,False,True,False,0,0
1772736713.5475452,249,0.0,0.2670359999683569,1.2269440001091425,1.9103949998680037,3.795575685217045e-05,0.0,False,False,False,True,False,0,0
1772736713.579648,250,0.0,0.12887499997304985,0.41417700003876234,0.839864999989004,1.8094697225023992e-05,0.0,False,False,False,True,False,0,0
1772736713.611587,251,0.0,0.13043600006312772,0.417968000192559,0.8749900000566413,4.1328330553369597e-05,0.0,False,False,False,True,False,0,0
1772736713.643615,252,0.0,2.0290570000724983,0.37085799999658775,2.7098350001324434,8.804846584098414e-05,0.0,False,False,False,True,False,0,0
1772736713.67547,253,0.0,0.09284899988415418,0.295907999998235,0.5939509999279835,1.7943275452125818e-05,0.0,False,False,False,True,False,0,0
1772736713.7077289,254,0.0,0.10516199995436182,0.317160999884436,0.6346309999116784,5.046370006311918e-06,0.0,False,False,False,True,False,0,0
1772736713.739858,255,0.0,0.1689000000624219,0.5082420000235288,1.0645800000474992,6.662082159891725e-05,0.0,False,False,False,True,False,0,0
1772736713.771463,256,0.0,3.1802399998923647,0.232756999821504,3.6293150001256436,0.00010251000639982522,0.0,False,False,False,True,False,0,0
1772736713.804503,257,0.0,0.4033650000110356,0.4246669998337893,1.2689679999766668,2.045403562078718e-05,0.0,False,False,False,True,False,0,0
1772736713.835449,258,0.0,0.1066600000285689,0.334221000002799,0.6721970000853617,1.1444091796875e-05,0.0,False,False,False,True,False,0,0
1772736713.867472,259,0.0,0.09778599996934645,0.2879209998809529,0.5956739998964622,0.0,0.0,False,False,False,True,False,0,0
1772736713.899492,260,0.0,1.2034339999900112,0.22912600002200634,1.6337330000624206,3.2732015824876726e-05,0.0,False,False,False,True,False,0,0
1772736713.9317372,261,0.0,0.09947700004886428,0.2974899998662295,0.6109500000093249,4.1482093365630135e-05,0.0,False,False,False,True,False,0,0
1772736713.964173,262,0.0,0.355165000200941,0.3700689999277529,1.1624969999957102,2.336015541004599e-06,0.0,False,False,False,True,False,0,0
1772736713.995465,263,0.0,0.36024799987899314,1.5106450000530458,2.3199309998744866,0.00012293894542381167,0.0,False,False,False,True,False,0,0
1772736714.0273988,264,0.0,1.240801999983887,0.23873500003901427,1.7088900001454022,1.206313208967913e-05,0.0,False,False,False,True,False,0,0
1772736714.059463,265,0.0,0.0936050000746036,0.299628999982815,0.5936219999966852,1.9073486328125e-06,0.0,False,False,False,True,False,0,0
1772736714.091669,266,0.0,0.09746399996402033,0.29631900019921886,0.5985329999020905,4.9901867896551266e-05,0.0,False,False,False,True,False,0,0
1772736714.123741,267,0.0,0.20534500004032452,0.3092659999310854,0.7813570000507752,3.633987216744572e-05,0.0,False,False,False,True,False,0,0
1772736714.1556952,268,0.0,1.732048999883773,0.23356399992735533,2.2216090001165867,4.473129138204968e-06,0.0,False,False,False,True,False,0,0
1772736714.187437,269,0.0,0.09807200012801331,0.3104800000528485,0.6234630000108154,5.388048884924501e-05,0.0,False,False,False,True,False,0,0
1772736714.219531,270,0.0,0.1030590001391829,0.31331900004261115,0.6360329998642555,8.313940270454623e-06,0.0,False,False,False,True,False,0,0
1772736714.2514071,271,0.0,0.09700200007500825,0.30794100007369707,0.6100319999404746,4.551734673441388e-05,0.0,False,False,False,True,False,0,0
1772736714.283385,272,0.0,3.437552999912441,0.2469129999553843,3.8976089999778196,5.980077912681736e-05,0.0,False,False,False,True,False,0,0
1772736714.315396,273,0.0,0.0974309998582612,0.3090519999204844,0.615226000036273,4.8833338951226324e-05,0.0,False,False,False,True,False,0,0
1772736714.347351,274,0.0,0.09124200005317107,0.3058390000205691,0.5998020001243276,8.35322862258181e-05,0.0,False,False,False,True,False,0,0
1772736714.379394,275,0.0,0.08401599984608765,0.28459700001803867,0.5498180000813591,3.814697265625e-06,0.0,False,False,False,True,False,0,0
1772736714.41134,276,0.0,1.1770019998493808,0.22521600021718768,1.5941690001000097,1.2434391464921646e-05,0.0,False,False,False,True,False,0,0
1772736714.4433112,277,0.0,0.09445700015930925,0.2917720000823465,0.5815200001961784,2.7999722078675404e-05,0.0,False,False,False,True,False,0,0
1772736714.47533,278,0.0,0.09108600011131784,0.28769899995495507,0.5725109999730194,1.8094697225023992e-05,0.0,False,False,False,True,False,0,0
1772736714.507413,279,0.0,0.09585099996911595,0.30220500002542394,0.6067629999506607,1.2434391464921646e-05,0.0,False,False,False,True,False,0,0
1772736714.540309,280,0.0,2.4350979999780975,0.2822640001340915,3.027052999868829,6.430056964745745e-05,0.0,False,False,False,True,False,0,0
1772736714.571424,281,0.0,0.09672400005911186,0.3049379999993107,0.612048999983017,2.9051869205432013e-05,0.0,False,False,False,True,False,0,0
1772736714.603366,282,0.0,0.09793000003810448,0.3230820000226231,0.6354530000862724,6.900807056808844e-05,0.0,False,False,False,True,False,0,0
1772736714.6353369,283,0.0,0.10690399994928157,0.3198789997895801,0.6590799998775765,2.7902104193344712e-05,0.0,False,False,False,True,False,0,0
1772736714.667298,284,0.0,1.2248909999925672,0.24334399995495914,1.6725329999189853,4.07744555559475e-05,0.0,False,False,False,True,False,0,0
1772736714.699373,285,0.0,0.09706900004857744,0.30585599984078726,0.6084769997869444,5.235663411440328e-05,0.0,False,False,False,True,False,0,0
1772736714.731297,286,0.0,0.10077699994326395,0.3189930000644381,0.638506000086636,3.4753546060528606e-05,0.0,False,False,False,True,False,0,0
1772736714.7633128,287,0.0,0.09567699999024626,0.3015759998561407,0.6017959999553568,2.979373857669998e-05,0.0,False,False,False,True,False,0,0
1772736714.79531,288,0.0,3.4044849999190774,0.23548800004391524,3.8440979999450064,2.7672993383021094e-05,0.0,False,False,False,True,False,0,0
1772736714.8272908,289,0.0,0.0924400001167669,0.3045070000098349,0.60198300002412,6.743495760019869e-06,0.0,False,False,False,True,False,0,0
1772736714.859332,290,0.0,0.0958819998686522,0.3102519999629294,0.609076000046116,1.3885707630834077e-05,0.0,False,False,False,True,False,0,0
1772736714.891281,291,0.0,0.09281299981012125,0.3007860000252549,0.5936799998380593,2.1153518900973722e-05,0.0,False,False,False,True,False,0,0
1772736714.923278,292,0.0,1.1989479999101604,0.23144100009631074,1.6256699998393742,5.051774132880382e-05,0.0,False,False,False,True,False,0,0
1772736714.955292,293,0.0,0.11028099993382057,0.32239000006484275,0.6527190000724659,6.276887143030763e-05,0.0,False,False,False,True,False,0,0
1772736714.9872751,294,0.0,0.09141100008491776,0.29184900017753534,0.5800760000056471,1.0182455298490822e-05,0.0,False,False,False,True,False,0,0
1772736715.0193422,295,0.0,0.09155799989457591,0.2940429999398475,0.5861649999587826,7.388360245386139e-05,0.0,False,False,False,True,False,0,0
1772736715.051278,296,0.0,1.1889659999724245,0.23286800001187657,1.6179960000499705,0.00012861528375651687,0.0,False,False,False,True,False,0,0
1772736715.0833092,297,0.0,0.0918939999792201,0.297312999919086,0.588610000022527,2.3592599973198958e-05,0.0,False,False,False,True,False,0,0
1772736715.115299,298,0.0,0.09236000005330425,0.30889200002093276,0.599666999960391,2.3046581191010773e-05,0.0,False,False,False,True,False,0,0
1772736715.1472871,299,0.0,0.09400999988429248,0.30745599997317186,0.599397000087265,9.440894245926756e-06,0.0,False,False,False,True,False,0,0
1772736715.179413,300,0.0,1.3698609998300526,0.23287599992727337,1.8131399999674613,1.9073486328125e-06,0.0,False,False,False,True,False,0,0
1772736715.211293,301,0.0,0.09406699996361567,0.311652999926082,0.6126099999619328,3.504023334244266e-05,0.0,False,False,False,True,False,0,0
1772736715.243274,302,0.0,0.09335899994766805,0.29767399996671884,0.5886960000225372,5.960273847449571e-05,0.0,False,False,False,True,False,0,0
1772736715.275275,303,0.0,0.0933180001538858,0.30108600003586616,0.5958819999705156,7.458196341758594e-05,0.0,False,False,False,True,False,0,0
1772736715.3072808,304,0.0,3.1482409999625816,0.2417680000235123,3.5909040000206005,0.00015203256043605506,0.0,False,False,False,True,False,0,0
1772736715.33938,305,0.0,0.0934469999265275,0.3087699999468896,0.6130730000677431,0.0001648836478125304,0.0,False,False,False,True,False,0,0
1772736715.3712971,306,0.0,0.09522400000605558,0.2997990000039863,0.5974680000235821,0.0001869785482995212,0.0,False,False,False,True,False,0,0
1772736715.403296,307,0.0,0.09309699998993892,0.3104249999523745,0.6065380000563891,0.00019920610066037625,0.0,False,False,False,True,False,0,0
1772736715.435286,308,0.0,1.3021219999700406,0.23394100003315543,1.738222999847494,0.00013940618373453617,0.0,False,False,False,True,False,0,0
1772736715.467286,309,0.0,0.09385999987898686,0.30225199998312746,0.5966759999864735,0.00039970900979824364,0.0,False,False,False,True,False,0,0
1772736715.499342,310,0.0,0.09434700018573494,0.29870799994569097,0.5949950000285753,0.0001231754431501031,0.0,False,False,False,True,False,0,0
1772736715.531327,311,0.0,0.09306900005867647,0.29626600007759407,0.5942600000707898,2.936325836344622e-05,0.0,False,False,False,True,False,0,0
1772736715.56334,312,0.0,1.2908240000797377,0.24605000021438173,1.7529029998968326,5.53131103515625e-05,0.0,False,False,False,True,False,0,0
1772736715.59528,313,0.0,0.08888899992598454,0.30486200012092013,0.591433999943547,4.3806780013255775e-05,0.0,False,False,False,True,False,0,0
1772736715.627285,314,0.0,0.09340199994767318,0.30744500008950126,0.6052619999081799,2.5195779016939923e-05,0.0,False,False,False,True,False,0,0
1772736715.6593778,315,0.0,0.09222199992109381,0.2923829999872396,0.5849290000696783,7.79683468863368e-05,0.0,False,False,False,True,False,0,0
1772736715.69133,316,0.0,1.196663999962766,0.22896399991623184,1.6224680000505032,4.2649612623790745e-06,0.0,False,False,False,True,False,0,0
1772736715.7233531,317,0.0,0.09426499991604942,0.29651499994542974,0.59243499981676,6.63472237647511e-05,0.0,False,False,False,True,False,0,0
1772736715.755327,318,0.0,0.09982500000660366,0.31624200005353487,0.6234229999790841,1.6071604477474466e-05,0.0,False,False,False,True,False,0,0
1772736715.7873359,319,0.0,0.09695399990050646,0.30657199999950535,0.628524999910951,5.223489552008687e-06,0.0,False,False,False,True,False,0,0
1772736715.81939,320,0.0,3.2754989999830286,0.2648390000103973,3.7729360001321766,1.0002220733440481e-05,0.0,False,False,False,True,False,0,0
1772736715.851323,321,0.0,0.08772700016379531,0.2929539998604014,0.572990000136997,4.8290210543200374e-05,0.0,False,False,False,True,False,0,0
1772736715.883317,322,0.0,0.08441299996775342,0.2859460000763647,0.5593190001036419,2.336015495529864e-05,0.0,False,False,False,True,False,0,0
1772736715.915387,323,0.0,0.09180500001093606,0.30910400005268457,0.6047299998499511,3.208656926290132e-05,0.0,False,False,False,True,False,0,0
1772736715.947414,324,0.0,1.4710370001012052,0.28627300002881384,1.9991199999367382,2.720898191910237e-05,0.0,False,False,False,True,False,0,0
1772736715.979566,325,0.0,0.13075399988338177,0.4306369999085291,0.8507759998792608,4.573661499307491e-05,0.0,False,False,False,True,False,0,0
1772736716.011512,326,0.0,0.12882900000477093,0.43551700014177186,0.8516450000115583,4.487339174374938e-05,0.0,False,False,False,True,False,0,0
1772736716.0436502,327,0.0,0.17453100008424371,0.6113019999247626,1.1737500001345325,0.00015237316256389022,0.0,False,False,False,True,False,0,0
1772736716.0754602,328,0.0,1.4868620000925148,0.2979809999033023,2.0323589999406977,5.661324394168332e-05,0.0,False,False,False,True,False,0,0
1772736716.10768,329,0.0,0.15207299998110102,0.4721359998711705,0.9362519999740471,0.00012702139792963862,0.0,False,False,False,True,False,0,0
1772736716.139619,330,0.0,0.12750499990943354,0.4211059999761346,0.8251379999819619,0.00014397640188690275,0.0,False,False,False,True,False,0,0
1772736716.171597,331,0.0,0.1519669999652251,0.44598299996323476,0.8837819998461782,4.787406942341477e-05,0.0,False,False,False,True,False,0,0
1772736716.2034838,332,0.0,1.596535999851767,0.30967299994699715,2.1684040000309324,7.499543426092714e-05,0.0,False,False,False,True,False,0,0
1772736716.235435,333,0.0,0.11435400006121199,0.35608600001069135,0.7178719999956229,1.4209427718014922e-05,0.0,False,False,False,True,False,0,0
1772736716.267581,334,0.0,0.128848000031212,0.41501000009702693,0.8268779999980325,8.740569683141075e-06,0.0,False,False,False,True,False,0,0
1772736716.299477,335,0.0,0.09784999997464183,0.29991400015205727,0.608792000093672,1.9637356672319584e-05,0.0,False,False,False,True,False,0,0
1772736716.331423,336,0.0,3.5244379998857767,0.9519049999653362,5.00027099997169,5.273741408018395e-05,0.0,False,False,False,True,False,0,0
1772736716.3643231,337,0.0,0.37449800015565415,0.35840600003211875,1.1257040000600682,8.177166455425322e-05,0.0,False,False,False,True,False,0,0
1772736716.3953972,338,0.0,0.10067499988508644,0.30678000007355877,0.625765999984651,1.5318277291953564e-05,0.0,False,False,False,True,False,0,0
1772736716.427548,339,0.0,0.1500349999332684,0.3792790000716195,0.800282000000152,0.0001368115481454879,0.0,False,False,False,True,False,0,0
1772736716.459805,340,0.0,2.2871130001931306,0.3531150000526395,2.9548560000876023,2.710851731535513e-05,0.0,False,False,False,True,False,0,0
1772736716.491797,341,0.0,0.11625299998740957,0.3639839999323158,0.7306270001663506,7.60431939852424e-05,0.0,False,False,False,True,False,0,0
1772736716.523494,342,0.0,0.11264500017205137,0.3655870000329742,0.7305260000975977,7.275478856172413e-05,0.0,False,False,False,True,False,0,0
1772736716.5555148,343,0.0,0.12690799985648482,0.44228299998394505,0.8641980000447802,1.721903754514642e-05,0.0,False,False,False,True,False,0,0
1772736716.58748,344,0.0,1.6295959999297338,0.2934320000349544,2.18845299991699,0.00020879151998087764,0.0,False,False,False,True,False,0,0
1772736716.619603,345,0.0,0.1262519999727374,0.41633000000729226,0.8282349999717553,7.951608131406829e-05,0.0,False,False,False,True,False,0,0
1772736716.651479,346,0.0,0.12886700005765306,0.40537299992138287,0.8127870000862458,9.258011414203793e-05,0.0,False,False,False,True,False,0,0
1772736716.683455,347,0.0,0.11254399987592478,0.35681100007423083,0.7150230001116142,4.662287392420694e-05,0.0,False,False,False,True,False,0,0
1772736716.715462,348,0.0,1.7551610001191875,0.34303799998269824,2.3789280000983126,1.5843626897549257e-05,0.0,False,False,False,True,False,0,0
1772736716.7474,349,0.0,0.09300000010625808,0.2961970001251757,0.5987429999549931,3.591188578866422e-05,0.0,False,False,False,True,False,0,0
1772736716.779739,350,0.0,0.1633010001569346,0.5803040000955662,1.125451999996585,3.885564728989266e-05,0.0,False,False,False,True,False,0,0
1772736716.811638,351,0.0,0.22531300010086852,0.5786049998732778,1.240020000068398,3.093199848080985e-05,0.0,False,False,False,True,False,0,0
1772736716.843658,352,0.0,5.906679000190707,0.3308949999336619,6.530132000079902,1.1284027095825877e-05,0.0,False,False,False,True,False,0,0
1772736716.8756008,353,0.0,0.16621800000393705,0.5594439999185852,1.10025900016808,4.2649612623790745e-06,0.0,False,False,False,True,False,0,0
1772736716.907447,354,0.0,0.11200599988114845,0.345891000051779,0.7040079999569571,0.0,0.0,False,False,False,True,False,0,0
1772736716.9396951,355,0.0,0.16517600010956812,0.5383549998896342,1.0671950001324149,0.0,0.0,False,False,False,True,False,0,0
1772736716.971544,356,0.0,1.7330600001059793,0.3327550000449264,2.343003999840221,2.7541216695681214e-05,0.0,False,False,False,True,False,0,0
1772736717.003464,357,0.0,0.12898900013169623,0.41483299992250977,0.8238299999447918,8.635888661956415e-06,0.0,False,False,False,True,False,0,0
1772736717.035472,358,0.0,0.13378900007410266,0.42346999998699175,0.8449570000266249,5.95111123402603e-05,0.0,False,False,False,True,False,0,0
1772736717.068049,359,0.0,0.10384699999121949,0.3066430001581466,0.6200949999310978,7.423973147524521e-05,0.0,False,False,False,True,False,0,0
1772736717.099882,360,0.0,2.5038909998329473,0.2489010000772396,3.0219769998893753,2.5014642233145423e-05,0.0,False,False,False,True,False,0,0
1772736717.131401,361,0.0,0.10443100018164841,0.31972700003279897,0.6433549999655952,2.0409521312103607e-05,0.0,False,False,False,True,False,0,0
1772736717.163796,362,0.0,0.1896559999750025,0.42182299989690364,1.2276759998712805,8.032406185520813e-05,0.0,False,False,False,True,False,0,0
1772736717.1953769,363,0.0,0.10280300011800136,0.32556199994360213,0.6627989998833073,4.683696533902548e-05,0.0,False,False,False,True,False,0,0
1772736717.22739,364,0.0,1.324148000094283,0.2826459999596409,1.8451000000823115,0.00021858498803339899,0.0,False,False,False,True,False,0,0
1772736717.259435,365,0.0,0.10103599993271928,0.3118649999578338,0.6317170000329497,0.00018269273277837783,0.0,False,False,False,True,False,0,0
1772736717.2916338,366,0.0,0.15244599990182905,0.35890399999516376,0.7979889999205625,2.8705439035547897e-05,0.0,False,False,False,True,False,0,0
1772736717.323359,367,0.0,0.09993899993787636,0.30440999989878037,0.6158070000310545,7.149377779569477e-05,0.0,False,False,False,True,False,0,0
1772736717.355307,368,0.0,3.1539220001377544,0.2311860000645538,3.5861879998719814,7.506816473323852e-05,0.0,False,False,False,True,False,0,0
1772736717.38731,369,0.0,0.09174699994218827,0.2935439999873779,0.5832400001963833,2.8032185582560487e-05,0.0,False,False,False,True,False,0,0
1772736717.419359,370,0.0,0.09226999986822193,0.2987840000514552,0.5968680000023596,8.83989705471322e-05,0.0,False,False,False,True,False,0,0
1772736717.451309,371,0.0,0.09185099997921498,0.29912099989815033,0.5921909998960473,7.116225606296211e-05,0.0,False,False,False,True,False,0,0
1772736717.483298,372,0.0,1.1835400000563823,0.23227900010169833,1.6091689999484515,0.00018419498519506305,0.0,False,False,False,True,False,0,0
1772736717.5153291,373,0.0,0.09179900007438846,0.30004199993527436,0.5988170000819082,2.343789310543798e-05,0.0,False,False,False,True,False,0,0
1772736717.547341,374,0.0,0.09206699996866519,0.2984200000355486,0.5914250000387256,0.0001174298013211228,0.0,False,False,False,True,False,0,0
1772736717.579394,375,0.0,0.09821100002227467,0.3043920000891376,0.617044999899008,5.8834826631937176e-05,0.0,False,False,False,True,False,0,0
1772736717.6113229,376,0.0,1.2574310001127742,0.23599899986948003,1.6983819998586114,5.886573489988223e-05,0.0,False,False,False,True,False,0,0
1772736717.64347,377,0.0,0.10944699988613138,0.3558900000371068,0.7051640000099724,1.0704967280616984e-05,0.0,False,False,False,True,False,0,0
1772736717.675483,378,0.0,0.11627399999269983,0.34353299997746944,0.7047960000363673,0.0,0.0,False,False,False,True,False,0,0
1772736717.707666,379,0.0,0.09583899986864708,0.315936000106376,0.6289319999268628,1.4273290616984013e-05,0.0,False,False,False,True,False,0,0
1772736717.739862,380,0.0,1.6994390000490966,0.2420890000394138,2.214407000110441,6.212805601535365e-05,0.0,False,False,False,True,False,0,0
1772736717.771374,381,0.0,0.12079199996151146,0.37728500001321663,0.7406790000459296,6.607249360968126e-06,0.0,False,False,False,True,False,0,0
1772736717.803383,382,0.0,0.10146800013899338,0.3196549998847331,0.6379020001077151,2.0719109670608304e-05,0.0,False,False,False,True,False,0,0
1772736717.835372,383,0.0,0.0973159999375639,0.3080839999256568,0.6172480000259384,4.672031082009198e-06,0.0,False,False,False,True,False,0,0
1772736717.867373,384,0.0,3.375745000084862,0.23977600017133227,3.8323910000599426,2.336015541004599e-06,0.0,False,False,False,True,False,0,0
1772736717.899431,385,0.0,0.09596800009603612,0.30512100011037546,0.6103790001361631,1.567046820127871e-05,0.0,False,False,False,True,False,0,0
1772736717.931385,386,0.0,0.09374799992656335,0.29567199999291915,0.5962600000657403,2.9239101422717795e-05,0.0,False,False,False,True,False,0,0
1772736717.9634109,387,0.0,0.09446300009585684,0.30453299996224814,0.6135860000995308,1.3621193829749245e-05,0.0,False,False,False,True,False,0,0
1772736717.995421,388,0.0,1.880176999975447,0.37771000006614486,2.5460220001605194,3.104938514297828e-05,0.0,False,False,False,True,False,0,0
1772736718.027374,389,0.0,0.09908300012284599,0.29329699987101776,0.6090790000143897,0.0,0.0,False,False,False,True,False,0,0
1772736718.059405,390,0.0,0.09555500014357676,0.2913350001563231,0.5913519999012351,1.1444091796875e-05,0.0,False,False,False,True,False,0,0
1772736718.091363,391,0.0,0.09298700001636462,0.28942199992343376,0.5958799999916664,1.2579827853187453e-05,0.0,False,False,False,True,False,0,0
1772736718.123363,392,0.0,1.20143599997391,0.23044599993227166,1.6374930000893073,2.162129203497898e-05,0.0,False,False,False,True,False,0,0
1772736718.155639,393,0.0,0.167743000019982,0.5655370000567927,1.1135930001273664,9.910873814078514e-06,0.0,False,False,False,True,False,0,0
1772736718.1876428,394,0.0,0.1686790001258487,0.5753420000473852,1.1233600000650767,2.9702017855015583e-05,0.0,False,False,False,True,False,0,0
1772736718.21948,395,0.0,0.1147989999026322,0.3955619999942428,0.7600370001910051,7.19629242666997e-05,0.0,False,False,False,True,False,0,0
1772736718.251413,396,0.0,1.5506830000049376,0.28151099991191586,2.06614100011393,5.428409349406138e-05,0.0,False,False,False,True,False,0,0
1772736718.283378,397,0.0,0.0959230001171818,0.2994609999404929,0.6018410001615848,5.7220458984375e-06,0.0,False,False,False,True,False,0,0
1772736718.315448,398,0.0,0.1141939999342867,0.36715100009132584,0.7317549998333561,2.590766416687984e-05,0.0,False,False,False,True,False,0,0
1772736718.3479738,399,0.0,0.10195100003329571,0.2985270000408491,0.6184809999467689,2.153699824702926e-05,0.0,False,False,False,True,False,0,0
1772736718.379413,400,0.0,6.0514459999012615,0.24083900007099146,6.506710999929055,7.509238912462024e-06,0.0,False,False,False,True,False,0,0
1772736718.411351,401,0.0,0.09608899995328102,0.31281600013244315,0.625138000032166,8.339062333106995e-05,0.0,False,False,False,True,False,0,0
1772736718.443348,402,0.0,0.09645099999033846,0.3114070000265201,0.6197580000844027,2.343789310543798e-05,0.0,False,False,False,True,False,0,0
1772736718.475859,403,0.0,0.2525529998820275,0.4770570001255692,1.0860530001082225,1.9637356672319584e-05,0.0,False,False,False,True,False,0,0
1772736718.5073779,404,0.0,1.2778190000517498,0.24903200005610415,1.748464000002059,5.190301817492582e-05,0.0,False,False,False,True,False,0,0
1772736718.540023,405,0.0,0.20887300001959375,0.7615949998580618,1.6858760000104667,8.29861091915518e-05,0.0,False,False,False,True,False,0,0
1772736718.571361,406,0.0,0.1519719999123481,0.46170699988579145,0.9877479999431671,5.0715392717393115e-05,0.0,False,False,False,True,False,0,0
1772736718.603323,407,0.0,0.10126600000148755,0.33283100015069067,0.6492449999768724,0.00010903630027314648,0.0,False,False,False,True,False,0,0
1772736718.635293,408,0.0,1.23868500008939,0.24299699998664437,1.7033049998644856,0.00013440380280371755,0.0,False,False,False,True,False,0,0
1772736718.667302,409,0.0,0.09621100002732419,0.3047129998776654,0.6147050000890886,0.00017330127593595535,0.0,False,False,False,True,False,0,0
1772736718.6993809,410,0.0,0.0979809999535064,0.31332000003203575,0.6267530000059196,4.4013904698658735e-05,0.0,False,False,False,True,False,0,0
1772736718.7312891,411,0.0,0.09619399997973233,0.2992290001202491,0.6002129998705641,1.0271386599924881e-05,0.0,False,False,False,True,False,0,0
1772736718.76332,412,0.0,1.2021489999369805,0.23265100003300176,1.6347799999039125,9.70407563727349e-05,0.0,False,False,False,True,False,0,0
1772736718.795299,413,0.0,0.09369899999001063,0.3046780000204308,0.6013250001615233,0.00025596164050512016,0.0,False,False,False,True,False,0,0
1772736718.8273249,414,0.0,0.09321299990006082,0.29463199985002575,0.5905879997953889,0.00014280935283750296,0.0,False,False,False,True,False,0,0
1772736718.859447,415,0.0,0.1078180000604334,0.3163879998737684,0.65088399992419,2.3282156689674594e-05,0.0,False,False,False,True,False,0,0
1772736718.891291,416,0.0,3.142714999967211,0.24277300008179736,3.5891069999252068,1.6736916222725995e-05,0.0,False,False,False,True,False,0,0
1772736718.9233332,417,0.0,0.10321500008103612,0.31530999990536657,0.6339130000014848,3.087313598371111e-05,0.0,False,False,False,True,False,0,0
1772736718.9553301,418,0.0,0.11918400014110375,0.36643099997490935,0.7167209998897306,4.112979513593018e-05,0.0,False,False,False,True,False,0,0
1772736718.9873211,419,0.0,0.09637500011194788,0.3195659999164491,0.6267040000693669,7.98015171312727e-05,0.0,False,False,False,True,False,0,0
1772736719.019341,420,0.0,1.2327659999300522,0.24488200006089755,1.6937890000008338,0.00022544666717294604,0.0,False,False,False,True,False,0,0
1772736719.05131,421,0.0,0.0964339999427466,0.437277999935759,0.7632970000486239,5.4950181947788224e-05,0.0,False,False,False,True,False,0,0
1772736719.083285,422,0.0,0.09320099979959195,0.2957749998131476,0.5947629999809578,9.497562132310122e-05,0.0,False,False,False,True,False,0,0
1772736719.1153111,423,0.0,0.09796000017558981,0.3012219999618537,0.6066580001515831,7.433767314068973e-05,0.0,False,False,False,True,False,0,0
1772736719.147325,424,0.0,1.2724329999400652,0.23347900014414336,1.7053920000762446,0.00020592300279531628,0.0,False,False,False,True,False,0,0
1772736719.179358,425,0.0,0.1017350000438455,0.3266610001446679,0.6394999998065032,1.700644861557521e-05,0.0,False,False,False,True,False,0,0
1772736719.211308,426,0.0,0.09540700011712033,0.29965400017317734,0.6068740001410333,3.752196425921284e-05,0.0,False,False,False,True,False,0,0
1772736719.243298,427,0.0,0.09546700016471732,0.31963600008566573,0.6209900000158086,2.119647069775965e-05,0.0,False,False,False,True,False,0,0
1772736719.275286,428,0.0,1.2535600001228886,0.231197999937649,1.6840480000155367,9.663690434535965e-05,0.0,False,False,False,True,False,0,0
1772736719.307283,429,0.0,0.09500100009063317,0.3021129998614924,0.6068579998554924,3.259278673795052e-05,0.0,False,False,False,True,False,0,0
1772736719.339437,430,0.0,0.09614300006433041,0.2943750000667933,0.6104130000039731,0.0,0.0,False,False,False,True,False,0,0
1772736719.371318,431,0.0,0.09677899993221217,0.3107370000634546,0.6330009998691821,5.381292794481851e-05,0.0,False,False,False,True,False,0,0
1772736719.403276,432,0.0,3.2785229998353316,0.23337999982686597,3.7128730000404175,6.75562332617119e-05,0.0,False,False,False,True,False,0,0
1772736719.4352908,433,0.0,0.09288300020671159,0.3006770000411052,0.597280999954819,8.00291309133172e-05,0.0,False,False,False,True,False,0,0
1772736719.4673228,434,0.0,0.09271099997931742,0.30375500000445754,0.6000630000926321,2.1409934561233968e-05,0.0,False,False,False,True,False,0,0
1772736719.4993842,435,0.0,0.09447200000067824,0.2945250000720989,0.5913840000175696,2.6082600015797652e-05,0.0,False,False,False,True,False,0,0
1772736719.531305,436,0.0,1.1970160001055774,0.23487699991164845,1.6293969999878755,8.607406198279932e-05,0.0,False,False,False,True,False,0,0
1772736719.563315,437,0.0,0.09764500009623589,0.30182199998307624,0.6057999999029562,4.046097274112981e-06,0.0,False,False,False,True,False,0,0
1772736719.595335,438,0.0,0.10005599983742286,0.3881370000726747,0.7266439999966678,2.119647069775965e-05,0.0,False,False,False,True,False,0,0
1772736719.627316,439,0.0,0.09473200020693184,0.3023320000465901,0.603276999981972,3.363646101206541e-05,0.0,False,False,False,True,False,0,0
1772736719.659335,440,0.0,1.232521000019915,0.2413060001345002,1.6767629999776545,1.307612365053501e-05,0.0,False,False,False,True,False,0,0
1772736719.691299,441,0.0,0.09412099984729139,0.29965800013087573,0.5996709999180894,1.3554258657677565e-05,0.0,False,False,False,True,False,0,0
1772736719.723316,442,0.0,0.09944499993252975,0.3008860001045832,0.6104080000568501,8.313940270454623e-06,0.0,False,False,False,True,False,0,0
1772736719.755351,443,0.0,0.1322779999100021,0.3531830000156333,0.7295699999758654,0.0,0.0,False,False,False,True,False,0,0
1772736719.7872798,444,0.0,1.1850169998979254,0.2513819999876432,1.6656059999604622,1.9310433344799094e-05,0.0,False,False,False,True,False,0,0
1772736719.8193312,445,0.0,0.09353599989481154,0.29070599998703983,0.5860690000645263,1.2936267921759281e-05,0.0,False,False,False,True,False,0,0
1772736719.851269,446,0.0,0.0907270000425342,0.29810499995619466,0.5875489998743433,4.8063669964903966e-05,0.0,False,False,False,True,False,0,0
1772736719.8832839,447,0.0,0.09470099985264824,0.28721800003950193,0.5773559998942801,3.742488115676679e-05,0.0,False,False,False,True,False,0,0
1772736719.9152782,448,0.0,3.007022000019788,0.22562300000572577,3.428710999969553,0.00011424206604715437,0.0,False,False,False,True,False,0,0
1772736719.947289,449,0.0,0.09140800011664396,0.28824400010307727,0.5795470001430658,1.8833557987818494e-05,0.0,False,False,False,True,False,0,0
1772736719.979451,450,0.0,0.11852300008285965,0.389740999935384,0.754325000116296,3.887904676957987e-05,0.0,False,False,False,True,False,0,0
1772736720.011298,451,0.0,0.10188800001742493,0.31288700006371073,0.6273320000218519,7.705310417804867e-05,0.0,False,False,False,True,False,0,0
1772736720.0432909,452,0.0,1.227823999897737,0.2445329998863599,1.6891389998363593,1.3687801583728287e-05,0.0,False,False,False,True,False,0,0
1772736720.075346,453,0.0,0.11268100001871062,0.3778499999498308,0.7457149999936519,3.698486398207024e-05,0.0,False,False,False,True,False,0,0
1772736720.107415,454,0.0,0.14273399983721902,0.4172989999915444,0.8333929999935208,1.3486991292666062e-06,0.0,False,False,False,True,False,0,0
1772736720.139423,455,0.0,0.11209200010853237,0.36205300011715735,0.7106529999418854,2.5195779016939923e-05,0.0,False,False,False,True,False,0,0
1772736720.171259,456,0.0,1.2454749999051273,0.22734000003765686,1.667989999987185,2.9051869205432013e-05,0.0,False,False,False,True,False,0,0
